MatchPointShadow,IDname1,IDname3,IDname2,IDname4,BattMonAHefficiency,BatteryTempCompValue,CTime0b,CTime0a,DaysBtwnBulkAbs,zUI_PVVoltsIn_OutputVbatt,RemoteMenuMode,Aux2_a2d_d2a,y8unit_sw_mac3,StatusRoll,ReasonForReset,y2unit_sw_date_year,ForceFlagBitsB,ForceFlagBitsA,Aux1VoltsHiPv,WizBanJrNumeratorSS,GeneralPurpose,DayLogCombCatIndex,Voc_Qualify_Timer_1ms_2,xreserve_4263,zUI_PCBtemperature,xreserve_4267,xreserve_4209,xreserve_4193,zUI_FETtemperature,xreserve_4228,zUI_InV_dispavgVpv,IbattDisplayS,PreVoc,zUI_BaTTtemperature,MaxInputCurrent,y6unit_sw_mac1,MpptMode,VocRD,yUI_Ibatt,ModusControl,BatteryTempPassed,ComboChargeState,WizBanJrAmpHourNEGativeB,WindNumberOfPoes,xreserve_4258,xreserve_4235,xreserve_4234,FloatVoltagSetPoint,WizBanJrRawCrcAndtemp,xreserve_4230,xreserve_4233,xreserve_4232,wbitAmpHourNetB,CTime2a,xreserve_4140,WindTableToUse,VariMax,SiestaTime,EqualizeIntervalDays,dateOnPi,zUI_BattV_dispavgVbatt,iFlagsROHigh,EqualizeReTryDays,Aux2VoltsHiPv,xreserve_4243,yVbattNominal,yUI_InputVpv,xreserve_4227,xreserve_4225,xreserve_4222,xreserve_4223,xreserve_4188,ReasonForResting,xreserve_4185,xreserve_4184,zAmpHours,xreserve_4364,LifetimeAmpHours,xreserve_4229,PWM_ReadOnly,unitDeviceIdB,AbsorbTime,CTime1b,MinLogCombCatIndex,Aux1VoltsLoPv,BattMonSOC,ClipperCmdVolts,unitDeviceIdA,Aux1VolsLoRel,MinimiumAbsorbTime,AbsorbSetPointVoltag,Aux1VoltsHiRel,ClassicFmePassedBits,BattMonVolts,WizBanJrAmpHourNEGativeA,WizBanJrAmpHourNETB,EndAmpsSocMBaddress,Aux1DelayT,VbattOffset,EndingAmpsTimerSec,Voc_Qualify_Timer_1ms_1,EqualizeTime,iFlagsROLow,xreserve_4219,Aux2VoltasHiAbs,xreserve_4194,xreserve_4195,xreserve_4196,NiteMinutesNoPwr,MppPercentVoc,y9wbitAmpHourNetA,VpvOffset,BatteryOuputCurrentLimit,WizBangRxBufferTempSh4,WizBangRxBufferTempSh3,WizBangRxBufferTempSh2,WizBangRxBufferTempSh1,AntiClickSenstvt,y3unit_sw_date_month_day,xreserve_4170,zyEndingAmps,Aux1VoltasLoAbs,RebulkTimerSec,Aux1HoldT,RestartTimers,xreserve_4105,WizBanJrCurrent32Signed,NegativeCurrerntAdj,LogValueRead,PvInputCurrent,RestartTimerms,VocLastMeasured,MinVpvTurOn,WizBanJrRawCurrent,LifetimeKwHours1,LifetimeKwHours2,_id,ip2,ip1,xreserve_4281,VpvTargetRd,yEndingSoc,ArcFaultSensitvty,VpvB4TurnOff,SweepIntervaSecs,kWHours,xreserve_4242,RebulkVolts,SweepDepth,VpvTargetWr,SlidingCurrentLimit,FloatTimeTodaySeconds,xreserve_4171,y7unit_sw_mac2,Aux12,zUI_InWatts_Watts,Aux2VoltsHiRel,yVbattRegSetPtTmpComp,EquilizeVoltageSetPOint,AbosrbTime,Aux1VoltsHiAbs,IpvMinusRawPVNegativeCurrent,NoDoubleClickTimer,xreserve_4208,MinSwpVoltage,WizBanJrAmpHourNETA,xreserve_4206,CTime1a,HighestVinputLog,MaximumBatteryTemperatureCompensationVoltage,MinuteLogIntervalSec,xreserve_4144,EnableFlags2,EnableFlags3,MppWLast,LEDmode,WizBanJrAmpHourPOSitiveA,Aux2VoltsLoRel,xreserve_4270,InfoFlagBits2,InfoFlagBits1,flagsRDA,flagsRDB,y4InfoFlagsBits,modbus_Port_registry,WizBanJrCmdS,SietstaAbortVocAdj,xreserve_4274,xreserve_4278,USBcommMODE,y1unit_id,xreserve_4273,Aux2PwmVwidth,WizBanJrAmpHourPOSitiveB,EnableFlagsBits,MinimumBatteryTemperatrueCompensationVoltage
0,19523,18771,21313,67,41,50,1030,14098,0,128,0,0,24605,12288,11,2015,0,0,1400,0,0,0,0,29,433,38,0,0,339,4,551,15,670,237,990,29412,11,654,53,0,32768,1027,0,0,1458,0,528,136,0,552,551,0,0,477,15,0,357,4700,0,2016-06-03T13:55:03.681Z,128,0,0,1400,180,12,550,0,3,0,65520,0,5,0,95,0,0,0,8,347,32813,7200,2016,0,1200,39,652,13832,65516,0,143,10,0,94,0,0,400,1,0,0,7434,3600,142,65523,900,0,0,0,0,0,0,0,960,0,0,0,0,50,2839,19,0,100,0,10,1,0,0,8,0,4,1,670,150,0,16,0,1464962103,26370,6572,0,552,5,202,0,3,0,8,80,10,1347,960,0,0,3840,20993,19,50,143,143,7200,600,0,8,552,100,0,0,1796,1458,146,300,0,18624,0,4,1,0,65516,0,45568,12292,13312,16,10,502,53,20,122,150,0,1174,0,1,0,65,132
0,19523,18771,21313,67,41,50,1030,14103,0,129,0,0,24605,20486,11,2015,0,0,1400,0,0,0,0,29,433,38,0,0,339,4,551,15,670,237,990,29412,11,654,54,0,32768,1027,0,0,1458,0,528,136,0,552,551,0,0,477,15,0,357,4704,0,2016-06-03T13:55:08.256Z,128,0,0,1400,180,12,550,0,3,0,65520,0,5,0,95,0,0,0,12,347,32813,7200,2016,0,1200,39,652,13832,65516,0,143,10,0,94,0,0,400,1,0,0,12006,3600,142,65524,900,0,0,0,0,0,0,0,960,0,0,0,0,50,2839,19,0,100,0,10,1,0,0,8,0,4,1,670,150,0,16,0,1464962108,26370,6572,0,552,5,202,0,3,0,12,80,10,1347,960,0,0,3840,20993,19,50,143,143,7200,600,0,12,552,100,0,0,1796,1458,146,300,0,18624,0,4,1,0,65516,0,45568,12292,13312,16,10,502,53,20,124,150,0,1174,0,1,0,65,132
0,19523,18771,21313,67,41,50,1030,14107,0,128,0,0,24605,31231,11,2015,0,0,1400,0,0,0,0,28,433,38,0,0,339,4,552,15,670,237,990,29412,11,654,54,0,32768,1027,0,0,1458,0,528,136,0,552,551,0,0,477,15,0,357,4709,0,2016-06-03T13:55:12.668Z,128,0,0,1400,180,12,552,0,3,0,65520,0,5,0,95,0,0,0,17,347,32813,7200,2016,0,1200,39,650,13832,65516,0,143,10,0,94,0,0,400,1,0,0,16416,3600,142,65523,900,0,0,0,0,0,0,0,960,0,0,0,0,50,2839,19,0,100,0,10,1,0,0,8,0,4,1,670,150,0,16,0,1464962112,26370,6572,0,552,5,202,0,3,0,17,80,10,1347,960,0,0,3840,20993,19,50,143,143,7200,600,0,17,552,100,0,0,1796,1458,146,300,0,18624,0,4,1,0,65516,0,45568,12292,13312,16,10,502,53,20,124,150,0,1174,0,1,0,65,132
0,19523,18771,21313,67,41,50,1030,14111,0,128,0,0,24605,40960,11,2015,0,0,1400,0,0,0,0,29,433,38,0,0,340,4,552,15,670,237,990,29412,11,654,54,0,32768,1027,0,0,1458,0,528,136,0,552,552,0,0,477,15,0,357,4713,0,2016-06-03T13:55:17.078Z,128,0,0,1400,180,12,552,0,3,0,65520,0,5,0,95,0,0,0,21,347,32813,7200,2016,0,1200,39,652,13832,65516,0,143,10,0,94,0,0,400,1,0,0,20823,3600,142,65523,900,0,0,0,0,0,0,0,960,0,0,0,0,50,2839,19,0,100,0,10,1,0,0,8,0,4,1,670,152,0,16,0,1464962117,26370,6572,0,552,5,202,0,3,0,21,80,10,1347,960,0,0,3840,20993,19,50,143,143,7200,600,0,21,552,100,0,0,1796,1458,146,300,0,18624,0,4,1,0,65516,0,45568,12292,13312,16,10,502,53,20,122,150,0,1174,0,1,0,65,132
0,19523,18771,21313,67,41,50,1030,14116,0,129,0,0,24605,5554,11,2015,0,0,1400,0,0,0,0,29,433,38,0,0,340,4,552,15,670,237,990,29412,11,654,54,0,32768,1027,0,0,1458,0,528,136,0,552,552,0,0,477,15,0,357,4718,0,2016-06-03T13:55:21.770Z,128,0,0,1400,180,12,552,0,3,0,65520,0,5,0,95,0,0,0,26,347,32813,7200,2016,0,1200,39,652,13832,65516,0,143,10,0,94,0,0,400,1,0,0,25513,3600,142,65523,900,0,0,0,0,0,0,0,960,0,0,0,0,50,2839,19,0,100,0,10,1,0,0,8,0,4,1,670,152,0,16,0,1464962121,26370,6572,0,552,5,202,0,3,0,26,80,10,1347,960,0,0,3840,20993,19,50,143,143,7200,600,0,26,552,100,0,0,1796,1458,146,300,0,18624,0,4,1,0,65516,0,45568,12292,13312,16,10,502,53,20,124,150,0,1174,0,1,0,65,132
0,19523,18771,21313,67,41,50,1030,14120,0,128,0,0,24605,12288,11,2015,0,0,1400,0,0,0,0,29,433,37,0,0,340,4,552,15,670,237,990,29412,11,654,54,0,32768,1027,0,0,1458,0,528,136,0,552,552,0,0,477,15,0,357,4722,0,2016-06-03T13:55:26.176Z,128,0,0,1400,180,12,552,0,3,0,65520,0,5,0,95,0,0,0,30,347,32813,7200,2016,0,1200,39,652,13832,65516,0,143,10,0,94,0,0,400,1,0,0,29916,3600,142,65523,900,0,0,0,0,0,0,0,960,0,0,0,0,50,2839,19,0,100,0,10,1,0,0,8,0,5,1,670,150,0,16,0,1464962126,26370,6572,0,552,5,202,0,3,0,30,80,10,1347,960,0,0,3840,20993,19,50,143,143,7200,600,0,30,552,100,0,0,1796,1458,146,300,0,18624,0,4,1,0,65516,0,45568,12292,13312,16,10,502,53,20,124,150,0,1174,0,1,0,65,132
0,19523,18771,21313,67,41,50,1030,14125,0,129,0,0,24605,20486,11,2015,0,0,1400,0,0,0,0,28,433,38,0,0,340,4,553,15,670,237,990,29412,11,654,54,0,32768,1027,0,0,1458,0,528,136,0,552,553,0,0,477,15,0,101,4727,0,2016-06-03T13:55:30.551Z,128,0,0,1400,180,12,552,0,3,0,65520,0,5,0,95,0,0,0,35,347,32813,7200,2016,0,1200,39,652,13832,65516,0,143,10,0,94,0,0,400,1,0,0,34289,3600,142,65523,900,0,0,0,0,0,0,0,960,0,0,0,0,50,2839,19,0,100,0,10,1,0,0,8,0,4,1,670,152,0,16,0,1464962130,26370,6572,0,552,5,202,0,3,0,35,80,10,1347,960,0,0,3840,20993,19,50,143,143,7200,600,0,35,552,100,0,0,1796,1458,146,300,0,18624,0,4,1,0,65516,0,45568,12292,13312,16,10,502,53,20,124,150,0,1174,0,1,0,65,132
0,19523,18771,21313,67,41,50,1030,14129,0,129,0,0,24605,32803,11,2015,0,0,1400,0,0,0,0,29,433,37,0,0,341,19,553,15,670,237,990,29412,11,654,54,0,32768,1027,0,0,1458,0,528,136,0,552,553,0,0,477,15,0,357,4731,0,2016-06-03T13:55:34.963Z,128,0,0,1400,180,12,552,40,3,0,65520,0,5,0,95,0,0,0,2,347,32813,7200,2016,0,1200,39,654,13832,65516,0,143,10,0,94,0,0,400,1,0,0,38700,3600,142,65523,900,0,0,0,0,0,0,0,960,0,0,0,0,50,2839,19,0,100,0,10,1,0,0,8,0,4,1,670,152,0,16,0,1464962134,26370,6572,0,552,5,202,0,3,0,39,80,10,1347,960,0,0,3840,20993,19,50,143,143,7200,600,0,2,552,100,0,0,1796,1458,146,300,0,18624,0,19,1,0,65516,0,45568,12292,13312,16,10,502,53,20,126,150,0,1174,0,1,0,65,132
0,19523,18771,21313,67,41,50,1030,14134,0,128,0,0,24605,40960,11,2015,0,0,1400,0,0,0,0,29,433,38,0,0,341,19,553,15,670,237,990,29412,11,654,54,0,32768,1027,0,0,1458,0,528,136,0,552,553,0,0,477,15,0,101,4735,0,2016-06-03T13:55:39.348Z,128,0,0,1400,180,12,554,40,3,0,65520,0,5,0,95,0,0,0,6,347,32813,7200,2016,0,1200,39,652,13832,65516,0,143,10,0,94,0,0,400,1,0,0,43081,3600,142,65522,900,0,0,0,0,0,0,0,960,0,0,0,0,50,2839,19,0,100,0,10,1,0,0,8,0,5,1,670,150,0,16,0,1464962139,26370,6572,0,552,5,202,0,3,0,43,80,10,1347,960,0,0,3840,20993,19,50,143,143,7200,600,0,6,552,100,0,0,1796,1458,146,300,0,18624,0,19,1,0,65516,0,45568,12292,13312,16,10,502,53,20,126,150,0,1174,0,1,0,65,132
0,19523,18771,21313,67,41,50,1030,14138,0,129,0,0,24605,5554,11,2015,0,0,1400,0,0,0,0,29,433,38,0,0,341,19,553,16,670,237,990,29412,11,654,54,0,32768,1027,0,0,1458,0,528,136,0,552,553,0,0,477,16,0,101,4740,0,2016-06-03T13:55:43.714Z,128,0,0,1400,180,12,554,40,3,0,65520,0,5,0,95,0,0,0,11,347,32813,7200,2016,0,1200,39,654,13832,65516,0,143,10,0,94,0,0,400,1,0,0,47445,3600,142,65522,900,0,0,0,0,0,0,0,960,0,0,0,0,50,2839,19,0,100,0,10,1,0,0,8,0,4,1,670,152,0,16,0,1464962143,26370,6572,0,552,5,202,0,3,0,48,80,10,1347,960,0,0,3840,20993,20,50,143,143,7200,600,0,11,552,100,0,0,1796,1458,146,300,0,18624,0,19,1,0,65516,0,45568,12292,13312,16,10,502,53,20,124,150,0,1174,0,1,0,65,132
0,19523,18771,21313,67,41,50,1030,14338,0,129,0,0,24605,12288,11,2015,0,0,1400,0,0,0,0,28,433,38,0,0,341,19,553,16,670,237,990,29412,11,654,54,0,32768,1027,0,0,1458,0,528,136,0,552,554,0,0,477,16,0,101,4744,0,2016-06-03T13:55:48.104Z,128,0,0,1400,180,12,554,40,3,0,65520,0,5,0,95,0,0,0,15,347,32813,7200,2016,0,1200,39,654,13832,65516,0,143,10,0,94,0,0,400,1,0,0,51832,3600,142,65523,900,0,0,0,0,0,0,0,960,0,0,0,0,50,2839,20,0,100,0,10,1,0,0,8,0,4,1,670,152,0,16,0,1464962148,26370,6572,0,552,5,202,0,3,0,52,80,10,1347,960,0,0,3840,20993,20,50,143,143,7200,600,0,15,552,100,0,0,1796,1458,146,300,0,18624,0,19,1,0,65516,0,45568,12292,13312,16,10,502,53,20,124,150,0,1174,0,1,0,65,132
0,19523,18771,21313,67,41,50,1030,14343,0,129,0,0,24605,20486,11,2015,0,0,1400,0,0,0,0,29,433,37,0,0,341,19,554,16,670,237,990,29412,11,654,54,0,32768,1027,0,0,1458,0,528,136,0,552,553,0,0,477,16,0,357,4749,0,2016-06-03T13:55:52.503Z,128,0,0,1400,180,12,554,40,3,0,65520,0,5,0,95,0,0,0,20,347,32813,7200,2016,0,1200,39,654,13832,65516,0,143,10,0,94,0,0,400,1,0,0,56229,3600,142,65522,900,0,0,0,0,0,0,0,960,0,0,0,0,50,2839,20,0,100,0,10,1,0,0,8,0,4,1,670,152,0,16,0,1464962152,26370,6572,0,552,5,202,0,3,0,57,80,10,1347,960,0,0,3840,20993,20,50,143,143,7200,600,0,20,552,100,0,0,1796,1458,146,300,0,18624,0,19,1,0,65516,0,45568,12292,13312,16,10,502,53,20,124,150,0,1174,0,1,0,65,132
0,19523,18771,21313,67,41,50,1030,14347,0,129,0,0,24605,31275,11,2015,0,0,1400,0,0,0,0,28,434,37,0,0,342,19,554,16,670,237,990,29412,11,654,54,0,32768,1027,0,0,1458,0,528,136,0,552,554,0,0,477,16,0,357,4753,0,2016-06-03T13:55:56.899Z,128,0,0,1400,180,12,554,40,3,0,65520,0,5,0,95,0,0,0,24,347,32813,7200,2016,0,1200,39,654,13832,65516,0,143,10,0,94,0,0,400,1,0,0,60623,3600,142,65522,900,0,0,0,0,0,0,0,960,0,0,0,0,50,2839,20,0,100,0,10,1,0,0,8,0,5,1,670,152,0,16,0,1464962156,26370,6572,0,552,5,202,0,3,0,61,80,10,1347,960,0,0,3840,20993,20,50,143,143,7200,600,0,24,552,100,0,0,1796,1458,146,300,0,18624,0,19,1,0,65516,0,45568,12292,13312,16,10,502,53,20,126,150,0,1174,0,1,0,65,132
0,19523,18771,21313,67,41,50,1030,14352,0,129,0,0,24605,40960,11,2015,0,0,1400,0,0,0,0,29,433,38,0,0,342,19,554,16,670,237,990,29412,11,654,54,0,32768,1027,0,0,1458,0,528,136,0,552,554,0,0,477,16,0,357,4757,0,2016-06-03T13:56:01.301Z,128,0,0,1400,180,12,554,40,3,0,65520,0,5,0,95,0,0,0,28,347,32813,7200,2016,0,1200,39,654,13832,65516,0,143,10,0,94,0,0,400,1,0,0,65021,3600,142,65523,900,0,0,0,0,0,0,0,960,0,0,0,0,50,2839,20,0,100,0,10,1,0,0,8,0,4,1,670,150,0,16,0,1464962161,26370,6572,0,552,5,202,0,3,0,65,80,10,1347,960,0,0,3840,20993,20,50,143,143,7200,600,0,28,552,100,0,0,1796,1458,146,300,0,18624,0,19,1,0,65516,0,45568,12292,13312,16,10,502,53,20,124,150,0,1174,0,1,0,65,132
0,19523,18771,21313,67,41,50,1030,14356,0,128,0,0,24605,5554,11,2015,0,0,1400,0,0,0,1,29,434,37,0,0,342,20,554,16,670,237,990,29412,11,654,54,0,32768,1027,0,0,1458,0,528,136,0,552,554,0,0,477,16,0,357,4762,0,2016-06-03T13:56:05.675Z,128,0,0,1400,180,12,554,40,3,0,65520,0,5,0,95,0,0,0,3,347,32813,7200,2016,0,1200,39,654,13832,65516,0,143,10,0,94,0,0,400,1,0,0,3861,3600,142,65522,900,0,0,0,0,0,0,0,960,0,0,0,0,50,2839,20,0,100,0,10,1,0,0,8,0,4,1,670,150,0,16,0,1464962165,26370,6572,0,552,5,202,0,3,0,70,80,10,1347,960,0,0,3840,20993,20,50,143,143,7200,600,0,3,552,100,0,0,1796,1458,146,300,0,18624,0,20,1,0,65516,0,45568,12292,13312,16,10,502,53,20,124,150,0,1174,0,1,0,65,132
0,19523,18771,21313,67,41,50,1030,14360,0,129,0,0,24605,12288,11,2015,0,0,1400,0,0,0,1,28,433,38,0,0,342,20,554,16,670,237,990,29412,11,654,54,0,32768,1027,0,0,1458,0,528,136,0,552,554,0,0,477,16,0,357,4766,0,2016-06-03T13:56:10.050Z,128,0,0,1400,180,12,554,40,3,0,65520,0,5,0,95,0,0,0,7,347,32813,7200,2016,0,1200,39,654,13832,65516,0,143,10,0,94,0,0,400,1,0,0,8230,3600,142,65522,900,0,0,0,0,0,0,0,960,0,0,0,0,50,2839,20,0,100,0,10,1,0,0,8,0,5,1,670,152,0,16,0,1464962170,26370,6572,0,552,5,202,0,3,0,74,80,10,1347,960,0,0,3840,20993,20,50,143,143,7200,600,0,7,552,100,0,0,1796,1458,146,300,0,18624,0,20,1,0,65516,0,45568,12292,13312,16,10,502,53,20,124,150,0,1174,0,1,0,65,132
0,19523,18771,21313,67,41,50,1030,14365,0,128,0,0,24605,20486,11,2015,0,0,1400,0,0,0,1,28,433,38,0,0,342,20,555,16,670,237,990,29412,11,654,55,0,32768,1027,0,0,1458,0,528,136,0,552,555,0,0,477,16,0,101,4771,0,2016-06-03T13:56:14.452Z,128,0,0,1400,180,12,554,40,3,0,65520,0,5,0,95,0,0,0,12,347,32813,7200,2016,0,1200,39,656,13832,65516,0,143,10,0,94,0,0,400,1,0,0,12629,3600,142,65522,900,0,0,0,0,0,0,0,960,0,0,0,0,50,2839,20,0,100,0,10,1,0,0,8,0,4,1,670,152,0,16,0,1464962174,26370,6572,0,552,5,202,0,3,0,79,80,10,1347,960,0,0,3840,20993,20,50,143,143,7200,600,0,12,552,100,0,0,1796,1458,146,300,0,18624,0,20,1,0,65516,0,45568,12292,13312,16,10,502,53,20,126,150,0,1174,0,1,0,65,132
0,19523,18771,21313,67,41,50,1030,14369,0,129,0,0,24605,31297,11,2015,0,0,1400,0,0,0,1,28,433,37,0,0,342,20,555,16,670,237,990,29412,11,654,54,0,32768,1027,0,0,1458,0,528,136,0,552,555,0,0,477,16,0,357,4775,0,2016-06-03T13:56:18.829Z,128,0,0,1400,180,12,554,40,3,0,65520,0,5,0,95,0,0,0,16,347,32813,7200,2016,0,1200,39,654,13832,65516,0,143,10,0,94,0,0,400,1,0,0,17006,3600,142,65523,900,0,0,0,0,0,0,0,960,0,0,0,0,50,2839,20,0,100,0,10,1,0,0,8,0,5,1,670,152,0,16,0,1464962178,26370,6572,0,552,5,202,0,3,0,83,80,10,1347,960,0,0,3840,20993,20,50,143,143,7200,600,0,16,552,100,0,0,1796,1458,146,300,0,18624,0,20,1,0,65516,0,45568,12292,13312,16,10,502,53,20,124,150,0,1174,0,1,0,65,132
0,19523,18771,21313,67,41,50,1030,14373,0,128,0,0,24605,40960,11,2015,0,0,1400,0,0,0,0,42,434,42,0,0,342,1,672,0,672,237,990,29412,11,672,41,0,32768,0,0,0,1458,0,528,136,0,670,672,0,0,477,0,0,357,4779,0,2016-06-03T13:56:23.204Z,128,0,0,1400,180,12,670,1,3,0,65520,0,5,0,95,0,0,0,0,347,32813,7200,2016,0,1200,40,772,13832,65516,0,143,10,0,94,0,0,400,1,0,0,0,3600,140,1,900,0,0,0,0,0,0,0,960,0,0,0,0,50,2839,0,0,100,0,10,17235,0,0,8,0,0,17230,672,152,0,16,0,1464962183,26370,6572,0,672,5,202,0,3,0,0,80,10,1347,960,0,0,3840,20993,0,50,143,143,7200,600,0,0,552,100,0,0,1796,1458,146,300,0,18624,0,1,1,0,65516,0,45568,12292,12288,0,10,502,53,20,124,150,0,1174,0,1,0,65,132
0,19523,18771,21313,67,41,50,1030,14378,0,129,0,0,24605,5554,11,2015,0,0,1400,0,0,0,0,42,434,42,0,0,341,1,671,0,672,237,990,29412,11,670,40,0,32768,0,0,0,1458,0,528,136,0,672,671,0,0,477,0,0,357,4784,0,2016-06-03T13:56:27.596Z,128,0,0,1400,180,12,672,1,3,0,65520,0,5,0,95,0,0,0,0,347,32813,7200,2016,0,1200,40,772,13832,65516,0,143,10,0,94,0,0,400,1,0,0,2,3600,140,0,900,0,0,0,0,0,0,0,960,0,0,0,0,50,2839,0,0,100,0,10,12845,0,0,8,0,0,12840,670,150,0,16,0,1464962187,26370,6572,0,670,5,202,0,3,0,0,80,10,1347,960,0,0,3840,20993,0,50,143,143,7200,600,0,0,552,100,0,0,1796,1458,146,300,0,18624,0,1,1,0,65516,0,45568,12292,12288,0,10,502,53,20,122,150,0,1174,0,1,0,65,132
0,19523,18771,21313,67,41,50,1030,14382,0,128,0,0,24605,12288,11,2015,0,0,1400,0,0,0,0,42,434,41,0,0,340,1,671,0,670,237,990,29412,11,670,40,0,32768,0,0,0,1458,0,528,136,0,670,671,0,0,477,0,0,357,4788,0,2016-06-03T13:56:31.995Z,128,0,0,1400,180,12,672,1,3,0,65520,0,5,0,95,0,0,0,0,347,32813,7200,2016,0,1200,40,772,13832,65516,0,143,10,0,94,0,0,400,1,0,0,3,3600,140,0,900,0,0,0,0,0,0,0,960,0,0,0,0,50,2839,0,0,100,0,10,8448,0,0,8,0,0,8443,670,152,0,16,0,1464962191,26370,6572,0,670,5,202,0,3,0,0,80,10,1347,960,0,0,3840,20993,0,50,143,143,7200,600,0,0,552,100,0,0,1796,1458,146,300,0,18624,0,1,1,0,65516,0,45568,12292,12288,0,10,502,53,20,122,150,0,1174,0,1,0,65,132
0,19523,18771,21313,67,41,50,1030,14387,0,128,0,0,24605,20486,11,2015,0,0,1400,0,0,0,0,42,434,43,0,0,339,1,671,0,670,237,990,29412,11,670,40,0,32768,0,0,0,1458,0,528,136,0,672,671,0,0,477,0,0,357,4792,0,2016-06-03T13:56:36.397Z,128,0,0,1400,180,12,670,1,3,0,65520,0,5,0,95,0,0,0,0,347,32813,7200,2016,0,1200,40,770,13832,65516,0,143,10,0,94,0,0,400,1,0,0,3,3600,140,0,900,0,0,0,0,0,0,0,960,0,0,0,0,50,2839,0,0,100,0,10,4049,0,0,8,0,0,4043,670,152,0,16,0,1464962196,26370,6572,0,670,5,202,0,3,0,0,80,10,1347,960,0,0,3840,20993,0,50,143,143,7200,600,0,0,552,100,0,0,1796,1458,146,300,0,18624,0,1,1,0,65516,0,45568,12292,12288,0,10,502,53,20,122,150,0,1174,0,1,0,65,132
0,19523,18771,21313,67,40,50,1030,14391,0,128,0,0,24605,31319,11,2015,0,0,1400,0,0,0,0,42,434,41,0,0,339,1,671,0,670,237,990,29412,11,670,40,0,32768,1,0,0,1458,0,528,136,0,670,671,0,0,477,0,0,357,4797,0,2016-06-03T13:56:40.773Z,128,0,0,1400,180,12,670,1,3,0,0,0,5,0,95,0,0,0,1,274,32813,7200,2016,0,1200,40,770,13832,65516,0,143,10,0,94,0,0,400,1,0,0,827,3600,140,1,900,0,0,0,0,0,0,0,960,0,0,0,0,50,2839,1,0,100,0,10,1,0,0,8,0,0,1,670,152,0,16,0,1464962200,26370,6572,0,670,5,202,0,3,0,1,80,10,1347,960,0,0,3840,20993,0,50,143,143,7200,600,0,1,552,100,0,0,1796,1458,146,300,0,18624,0,1,1,0,65516,0,45568,12292,13312,0,10,502,53,20,144,150,0,1174,0,1,0,65,132
0,19523,18771,21313,67,40,50,1030,14395,0,128,0,0,24605,40960,11,2015,0,0,1400,0,0,0,0,44,434,41,0,0,339,3,614,1,670,237,990,29412,11,668,39,0,32768,1025,0,0,1458,0,1552,136,0,540,615,0,0,477,1,0,357,4801,0,2016-06-03T13:56:45.179Z,128,0,0,1400,180,12,668,0,6,0,0,0,5,0,95,0,0,0,0,274,32813,7200,2016,0,1200,39,770,13832,65516,0,143,10,0,94,0,0,400,1,0,0,996,3600,142,2,900,0,0,0,0,0,0,0,960,0,0,0,0,50,2839,4,0,100,0,10,1,0,0,8,0,0,1,668,150,0,16,0,1464962205,26370,6572,0,540,5,202,0,3,0,0,80,10,1347,960,0,0,3840,20993,1,50,143,143,7200,600,0,0,540,100,0,0,1796,1458,146,300,0,18624,0,3,1,0,65516,0,45568,12292,13312,144,10,502,53,20,124,150,0,1174,0,1,0,65,132
0,19523,18771,21313,67,40,50,1030,14596,0,128,0,0,24605,5554,11,2015,0,0,1400,0,0,0,0,30,434,38,0,0,339,3,536,14,670,237,990,29412,11,654,53,0,32768,1027,0,0,1458,0,528,136,0,540,535,0,0,477,14,0,101,4806,0,2016-06-03T13:56:49.548Z,128,0,0,1400,180,12,536,0,0,0,65522,0,5,0,95,0,0,0,5,355,32813,7200,2016,0,1200,39,636,13832,65516,0,143,10,0,94,0,0,400,1,0,0,4241,3600,142,65525,900,0,0,0,0,0,0,0,960,0,0,0,0,50,2839,18,0,100,0,10,1,0,0,8,0,5,1,668,152,0,16,0,1464962209,26370,6572,0,540,5,202,0,3,0,5,80,10,1347,960,0,0,3840,20993,17,50,143,143,7200,600,0,5,540,100,0,0,1796,1458,146,300,0,18624,0,3,1,0,65516,0,45568,12292,13312,16,10,502,53,20,124,150,0,1174,0,1,0,65,132
0,19523,18771,21313,67,40,50,1030,14600,0,129,0,0,24605,12288,11,2015,0,0,1400,0,0,0,0,30,434,38,0,0,340,3,535,14,670,237,990,29412,11,654,52,0,32768,1027,0,0,1458,0,528,136,0,540,535,0,0,477,14,0,101,4810,0,2016-06-03T13:56:53.922Z,128,0,0,1400,180,12,534,0,0,0,65522,0,5,0,95,0,0,0,9,355,32813,7200,2016,0,1200,39,636,13832,65516,0,143,10,0,94,0,0,400,1,0,0,8613,3600,142,65525,900,0,0,0,0,0,0,0,960,0,0,0,0,50,2839,18,0,100,0,10,1,0,0,8,0,5,1,668,150,0,16,0,1464962213,26370,6572,0,540,5,202,0,3,0,9,80,10,1347,960,0,0,3840,20993,17,50,143,143,7200,600,0,9,540,100,0,0,1796,1458,146,300,0,18624,0,3,1,0,65516,0,45568,12292,13312,16,10,502,53,20,126,150,0,1174,0,1,0,65,132
0,19523,18771,21313,67,40,50,1030,14605,0,129,0,0,24605,20486,11,2015,0,0,1400,0,0,0,0,29,433,38,0,0,340,3,541,14,670,237,990,29412,11,654,52,0,32768,1027,0,0,1458,0,528,136,0,540,541,0,0,477,14,0,101,4814,0,2016-06-03T13:56:58.314Z,128,0,0,1400,180,12,540,0,3,0,65522,0,5,0,95,0,0,0,13,351,32813,7200,2016,0,1200,39,640,13832,65516,0,143,10,0,94,0,0,400,1,0,0,13003,3600,142,65526,900,0,0,0,0,0,0,0,960,0,0,0,0,50,2839,18,0,100,0,10,1,0,0,8,0,5,1,668,152,0,16,0,1464962218,26370,6572,0,540,5,202,0,3,0,13,80,10,1347,960,0,0,3840,20993,17,50,143,143,7200,600,0,13,540,100,0,0,1796,1458,146,300,0,18624,0,3,1,0,65516,0,45568,12292,13312,16,10,502,53,20,122,150,0,1174,0,1,0,65,132
0,19523,18771,21313,67,40,50,1030,14609,0,128,0,0,24605,31341,11,2015,0,0,1400,0,0,0,0,30,433,38,0,0,340,3,541,14,670,237,990,29412,11,654,53,0,32768,1027,0,0,1458,0,528,136,0,540,541,0,0,477,14,0,357,4819,0,2016-06-03T13:57:02.685Z,128,0,0,1400,180,12,540,0,3,0,65522,0,5,0,95,0,0,0,18,351,32813,7200,2016,0,1200,39,640,13832,65516,0,143,10,0,94,0,0,400,1,0,0,17372,3600,142,65524,900,0,0,0,0,0,0,0,960,0,0,0,0,50,2839,18,0,100,0,10,1,0,0,8,0,5,1,668,152,0,16,0,1464962222,26370,6572,0,540,5,202,0,3,0,18,80,10,1347,960,0,0,3840,20993,17,50,143,143,7200,600,0,18,540,100,0,0,1796,1458,146,300,0,18624,0,3,1,0,65516,0,45568,12292,13312,16,10,502,53,20,124,150,0,1174,0,1,0,65,132
0,19523,18771,21313,67,40,50,1030,14614,0,129,0,0,24605,40960,11,2015,0,0,1400,0,0,0,0,30,434,39,0,0,341,3,541,14,670,237,990,29412,11,654,53,0,32768,1027,0,0,1458,0,528,136,0,540,541,0,0,477,14,0,357,4823,0,2016-06-03T13:57:07.235Z,128,0,0,1400,180,12,540,0,3,0,65522,0,5,0,95,0,0,0,22,351,32813,7200,2016,0,1200,39,640,13832,65516,0,143,10,0,94,0,0,400,1,0,0,21921,3600,142,65525,900,0,0,0,0,0,0,0,960,0,0,0,0,50,2839,18,0,100,0,10,1,0,0,8,0,5,1,668,152,0,16,0,1464962227,26370,6572,0,540,5,202,0,3,0,22,80,10,1347,960,0,0,3840,20993,18,50,143,143,7200,600,0,22,540,100,0,0,1796,1458,146,300,0,18624,0,3,1,0,65516,0,45568,12292,13312,16,10,502,53,20,124,150,0,1174,0,1,0,65,132
0,19523,18771,21313,67,40,50,1030,14618,0,129,0,0,24605,5554,11,2015,0,0,1400,0,0,0,0,29,433,38,0,0,341,3,541,14,670,237,990,29412,11,654,52,0,32768,1027,0,0,1458,0,528,136,0,540,541,0,0,477,14,0,357,4828,0,2016-06-03T13:57:11.620Z,128,0,0,1400,180,12,542,0,3,0,65522,0,5,0,95,0,0,0,27,351,32813,7200,2016,0,1200,39,642,13832,65516,0,143,10,0,94,0,0,400,1,0,0,26302,3600,142,65525,900,0,0,0,0,0,0,0,960,0,0,0,0,50,2839,18,0,100,0,10,1,0,0,8,0,5,1,668,150,0,16,0,1464962231,26370,6572,0,540,5,202,0,3,0,27,80,10,1347,960,0,0,3840,20993,17,50,143,143,7200,600,0,27,540,100,0,0,1796,1458,146,300,0,18624,0,3,1,0,65516,0,45568,12292,13312,16,10,502,53,20,124,150,0,1174,0,1,0,65,132
0,19523,18771,21313,67,40,50,1030,14622,0,128,0,0,24605,12288,11,2015,0,0,1400,0,0,0,0,29,433,38,0,0,341,3,541,14,670,237,990,29412,11,654,53,0,32768,1027,0,0,1458,0,528,136,0,540,541,0,0,477,14,0,357,4832,0,2016-06-03T13:57:15.984Z,128,0,0,1400,180,12,542,0,3,0,65522,0,5,0,95,0,0,0,31,351,32813,7200,2016,0,1200,39,642,13832,65516,0,143,10,0,94,0,0,400,1,0,0,30666,3600,142,65525,900,0,0,0,0,0,0,0,960,0,0,0,0,50,2839,18,0,100,0,10,1,0,0,8,0,5,1,668,152,0,16,0,1464962235,26370,6572,0,540,5,202,0,3,0,31,80,10,1347,960,0,0,3840,20993,18,50,143,143,7200,600,0,31,540,100,0,0,1796,1458,146,300,0,18624,0,3,1,0,65516,0,45568,12292,13312,16,10,502,53,20,126,150,0,1174,0,1,0,65,132
0,19523,18771,21313,67,40,50,1030,14627,0,129,0,0,24605,20486,11,2015,0,0,1400,0,0,0,0,30,433,38,0,0,341,3,542,14,670,237,990,29412,11,654,53,0,32768,1027,0,0,1458,0,528,136,0,540,542,0,0,477,14,0,357,4836,0,2016-06-03T13:57:20.379Z,128,0,0,1400,180,12,542,0,3,0,65522,0,5,0,95,0,0,0,35,351,32813,7200,2016,0,1200,39,640,13832,65516,0,143,10,0,94,0,0,400,1,0,0,35056,3600,142,65525,900,0,0,0,0,0,0,0,960,0,0,0,0,50,2839,18,0,100,0,10,1,0,0,8,0,5,1,668,152,0,16,0,1464962240,26370,6572,0,540,5,202,0,3,0,35,80,10,1347,960,0,0,3840,20993,17,50,143,143,7200,600,0,35,540,100,0,0,1796,1458,146,300,0,18624,0,3,1,0,65516,0,45568,12292,13312,16,10,502,53,20,124,150,0,1174,0,1,0,65,132
0,19523,18771,21313,67,40,50,1030,14631,0,129,0,0,24605,31363,11,2015,0,0,1400,0,0,0,0,29,433,38,0,0,342,18,542,14,670,237,990,29412,11,654,53,0,32768,1027,0,0,1458,0,528,136,0,540,542,0,0,477,14,0,101,4841,0,2016-06-03T13:57:24.749Z,128,0,0,1400,180,12,542,40,3,0,65522,0,5,0,95,0,0,0,3,351,32813,7200,2016,0,1200,39,642,13832,65516,0,143,10,0,94,0,0,400,1,0,0,39423,3600,142,65525,900,0,0,0,0,0,0,0,960,0,0,0,0,50,2839,18,0,100,0,10,1,0,0,8,0,5,1,668,150,0,16,0,1464962244,26370,6572,0,540,5,202,0,3,0,40,80,10,1347,960,0,0,3840,20993,18,50,143,143,7200,600,0,3,540,100,0,0,1796,1458,146,300,0,18624,0,18,1,0,65516,0,45568,12292,13312,16,10,502,53,20,124,150,0,1174,0,1,0,65,132
0,19523,18771,21313,67,40,50,1030,14635,0,129,0,0,24605,40960,11,2015,0,0,1400,0,0,0,0,30,433,38,0,0,342,18,542,14,670,237,990,29412,11,654,53,0,32768,1027,0,0,1458,0,528,136,0,540,542,0,0,477,14,0,357,4845,0,2016-06-03T13:57:29.151Z,128,0,0,1400,180,12,542,40,3,0,65522,0,5,0,95,0,0,0,7,351,32813,7200,2016,0,1200,39,644,13832,65516,0,143,10,0,94,0,0,400,1,0,0,43825,3600,142,65524,900,0,0,0,0,0,0,0,960,0,0,0,0,50,2839,18,0,100,0,10,1,0,0,8,0,5,1,668,152,0,16,0,1464962249,26370,6572,0,540,5,202,0,3,0,44,80,10,1347,960,0,0,3840,20993,18,50,143,143,7200,600,0,7,540,100,0,0,1796,1458,146,300,0,18624,0,18,1,0,65516,0,45568,12292,13312,16,10,502,53,20,124,150,0,1174,0,1,0,65,132
0,19523,18771,21313,67,40,50,1030,14640,0,129,0,0,24605,5554,11,2015,0,0,1400,0,0,0,0,29,433,38,0,0,342,18,543,14,670,237,990,29412,11,654,53,0,32768,1027,0,0,1458,0,528,136,0,540,543,0,0,477,14,0,357,4850,0,2016-06-03T13:57:33.539Z,128,0,0,1400,180,12,542,40,3,0,65522,0,5,0,95,0,0,0,12,351,32813,7200,2016,0,1200,39,644,13832,65516,0,143,10,0,94,0,0,400,1,0,0,48208,3600,142,65525,900,0,0,0,0,0,0,0,960,0,0,0,0,50,2839,18,0,100,0,10,1,0,0,8,0,5,1,668,152,0,16,0,1464962253,26370,6572,0,540,5,202,0,3,0,49,80,10,1347,960,0,0,3840,20993,18,50,143,143,7200,600,0,12,540,100,0,0,1796,1458,146,300,0,18624,0,18,1,0,65516,0,45568,12292,13312,16,10,502,53,20,124,150,0,1174,0,1,0,65,132
0,19523,18771,21313,67,40,50,1030,14644,0,129,0,0,24605,12288,11,2015,0,0,1400,0,0,0,0,30,434,38,0,0,342,18,543,14,670,237,990,29412,11,654,52,0,32768,1027,0,0,1458,0,528,136,0,540,543,0,0,477,14,0,101,4854,0,2016-06-03T13:57:37.930Z,128,0,0,1400,180,12,542,40,3,0,65522,0,5,0,95,0,0,0,16,351,32813,7200,2016,0,1200,39,642,13832,65516,0,143,10,0,94,0,0,400,1,0,0,52597,3600,142,65525,900,0,0,0,0,0,0,0,960,0,0,0,0,50,2839,18,0,100,0,10,1,0,0,8,0,5,1,668,152,0,16,0,1464962257,26370,6572,0,540,5,202,0,3,0,53,80,10,1347,960,0,0,3840,20993,18,50,143,143,7200,600,0,16,540,100,0,0,1796,1458,146,300,0,18624,0,18,1,0,65516,0,45568,12292,13312,16,10,502,53,20,124,150,0,1174,0,1,0,65,132
0,19523,18771,21313,67,40,50,1030,14649,0,129,0,0,24605,20486,11,2015,0,0,1400,0,0,0,0,30,433,37,0,0,342,18,543,14,670,237,990,29412,11,654,53,0,32768,1027,0,0,1458,0,528,136,0,540,543,0,0,477,14,0,357,4858,0,2016-06-03T13:57:42.324Z,128,0,0,1400,180,12,542,40,3,0,65522,0,5,0,95,0,0,0,20,351,32813,7200,2016,0,1200,39,642,13832,65516,0,143,10,0,94,0,0,400,1,0,0,56990,3600,142,65525,900,0,0,0,0,0,0,0,960,0,0,0,0,50,2839,18,0,100,0,10,1,0,0,8,0,5,1,668,152,0,16,0,1464962262,26370,6572,0,540,5,202,0,3,0,57,80,10,1347,960,0,0,3840,20993,18,50,143,143,7200,600,0,20,540,100,0,0,1796,1458,146,300,0,18624,0,18,1,0,65516,0,45568,12292,13312,16,10,502,53,20,124,150,0,1174,0,1,0,65,132
0,19523,18771,21313,67,40,50,1030,14849,0,129,0,0,24605,31385,11,2015,0,0,1400,0,0,0,0,29,434,37,0,0,342,18,543,15,670,237,990,29412,11,654,53,0,32768,1027,0,0,1458,0,528,136,0,540,543,0,0,477,15,0,357,4863,0,2016-06-03T13:57:46.721Z,128,0,0,1400,180,12,542,40,3,0,65522,0,5,0,95,0,0,0,25,351,32813,7200,2016,0,1200,39,642,13832,65516,0,143,10,0,94,0,0,400,1,0,0,61382,3600,142,65525,900,0,0,0,0,0,0,0,960,0,0,0,0,50,2839,19,0,100,0,10,1,0,0,8,0,5,1,668,152,0,16,0,1464962266,26370,6572,0,540,5,202,0,3,0,62,80,10,1347,960,0,0,3840,20993,19,50,143,143,7200,600,0,25,540,100,0,0,1796,1458,146,300,0,18624,0,18,1,0,65516,0,45568,12292,13312,16,10,502,53,20,124,150,0,1174,0,1,0,65,132
0,19523,18771,21313,67,40,50,1030,14853,0,129,0,0,24605,40960,11,2015,0,0,1400,0,0,0,1,30,434,38,0,0,342,18,543,15,670,237,990,29412,11,654,53,0,32768,1027,0,0,1458,0,528,136,0,540,543,0,0,477,15,0,101,4867,0,2016-06-03T13:57:51.125Z,128,0,0,1400,180,12,544,40,3,0,65522,0,5,0,95,0,0,0,29,351,32813,7200,2016,0,1200,39,642,13832,65516,0,143,10,0,94,0,0,400,1,0,0,249,3600,142,65524,900,0,0,0,0,0,0,0,960,0,0,0,0,50,2839,19,0,100,0,10,1,0,0,8,0,5,1,668,152,0,16,0,1464962271,26370,6572,0,540,5,202,0,3,0,66,80,10,1347,960,0,0,3840,20993,19,50,143,143,7200,600,0,29,540,100,0,0,1796,1458,146,300,0,18624,0,18,1,0,65516,0,45568,12292,13312,16,10,502,53,20,126,150,0,1174,0,1,0,65,132
0,19523,18771,21313,67,40,50,1030,14858,0,128,0,0,24605,5554,11,2015,0,0,1400,0,0,0,1,30,434,37,0,0,342,19,543,15,670,237,990,29412,11,654,53,0,32768,1027,0,0,1458,0,528,136,0,540,543,0,0,477,15,0,101,4872,0,2016-06-03T13:57:55.493Z,128,0,0,1400,180,12,544,40,3,0,65522,0,5,0,95,0,0,0,4,351,32813,7200,2016,0,1200,39,644,13832,65516,0,143,10,0,94,0,0,400,1,0,0,4614,3600,142,65525,900,0,0,0,0,0,0,0,960,0,0,0,0,50,2839,19,0,100,0,10,1,0,0,8,0,5,1,668,152,0,16,0,1464962275,26370,6572,0,540,5,202,0,3,0,71,80,10,1347,960,0,0,3840,20993,19,50,143,143,7200,600,0,4,540,100,0,0,1796,1458,146,300,0,18624,0,19,1,0,65516,0,45568,12292,13312,16,10,502,53,20,126,150,0,1174,0,1,0,65,132
0,19523,18771,21313,67,40,50,1030,14862,0,129,0,0,24605,12288,11,2015,0,0,1400,0,0,0,1,30,434,38,0,0,342,19,543,15,670,237,990,29412,11,654,53,0,32768,1027,0,0,1458,0,528,136,0,540,543,0,0,477,15,0,101,4876,0,2016-06-03T13:57:59.895Z,128,0,0,1400,180,12,542,40,3,0,65522,0,5,0,95,0,0,0,8,351,32813,7200,2016,0,1200,39,644,13832,65516,0,143,10,0,94,0,0,400,1,0,0,9014,3600,142,65524,900,0,0,0,0,0,0,0,960,0,0,0,0,50,2839,19,0,100,0,10,1,0,0,8,0,5,1,668,150,0,16,0,1464962279,26370,6572,0,540,5,202,0,3,0,75,80,10,1347,960,0,0,3840,20993,19,50,143,143,7200,600,0,8,540,100,0,0,1796,1458,146,300,0,18624,0,19,1,0,65516,0,45568,12292,13312,16,10,502,53,20,124,150,0,1174,0,1,0,65,132
0,19523,18771,21313,67,40,50,1030,14867,0,129,0,0,24605,20486,11,2015,0,0,1400,0,0,0,1,29,434,39,0,0,343,19,543,15,670,237,990,29412,11,654,53,0,32768,1027,0,0,1458,0,528,136,0,540,543,0,0,477,15,0,101,4880,0,2016-06-03T13:58:04.265Z,128,0,0,1400,180,12,542,40,3,0,65522,0,5,0,95,0,0,0,12,351,32813,7200,2016,0,1200,39,642,13832,65516,0,143,10,0,94,0,0,400,1,0,0,13381,3600,142,65525,900,0,0,0,0,0,0,0,960,0,0,0,0,50,2839,19,0,100,0,10,1,0,0,8,0,5,1,668,152,0,16,0,1464962284,26370,6572,0,540,5,202,0,3,0,79,80,10,1347,960,0,0,3840,20993,19,50,143,143,7200,600,0,12,540,100,0,0,1796,1458,146,300,0,18624,0,19,1,0,65516,0,45568,12292,13312,16,10,502,53,20,124,150,0,1174,0,1,0,65,132
0,19523,18771,21313,67,40,50,1030,14871,0,128,0,0,24605,31407,11,2015,0,0,1400,0,0,0,1,30,434,38,0,0,343,19,543,15,670,237,990,29412,11,654,54,0,32768,1027,0,0,1458,0,528,136,0,540,543,0,0,477,15,0,101,4885,0,2016-06-03T13:58:08.636Z,128,0,0,1400,180,12,542,40,3,0,65522,0,5,0,95,0,0,0,17,351,32813,7200,2016,0,1200,39,642,13832,65516,0,143,10,0,94,0,0,400,1,0,0,17750,3600,142,65524,900,0,0,0,0,0,0,0,960,0,0,0,0,50,2839,18,0,100,0,10,1,0,0,8,0,5,1,668,152,0,16,0,1464962288,26370,6572,0,540,5,202,0,3,0,84,80,10,1347,960,0,0,3840,20993,19,50,143,143,7200,600,0,17,540,100,0,0,1796,1458,146,300,0,18624,0,19,1,0,65516,0,45568,12292,13312,16,10,502,53,20,126,150,0,1174,0,1,0,65,132
0,19523,18771,21313,67,40,50,1030,14875,0,128,0,0,24605,40960,11,2015,0,0,1400,0,0,0,0,42,434,42,0,0,342,1,670,0,670,237,990,29412,11,670,41,0,32768,0,0,0,1458,0,528,136,0,670,669,0,0,477,0,0,101,4889,0,2016-06-03T13:58:13.012Z,128,0,0,1400,180,12,670,1,3,0,65522,0,5,0,95,0,0,0,0,351,32813,7200,2016,0,1200,41,770,13832,65516,0,143,10,0,94,0,0,400,1,0,0,3,3600,140,0,900,0,0,0,0,0,0,0,960,0,0,0,0,50,2839,0,0,100,0,10,16489,0,0,8,0,0,16484,668,152,0,16,0,1464962293,26370,6572,0,670,5,202,0,3,0,0,80,10,1347,960,0,0,3840,20993,0,50,143,143,7200,600,0,0,540,100,0,0,1796,1458,146,300,0,18624,0,1,1,0,65516,0,45568,12292,12288,0,10,502,53,20,122,150,0,1174,0,1,0,65,132
0,19523,18771,21313,67,40,50,1030,14880,0,129,0,0,24605,5554,11,2015,0,0,1400,0,0,0,0,42,434,42,0,0,341,1,670,0,670,237,990,29412,11,670,40,0,32768,0,0,0,1458,0,528,136,0,670,670,0,0,477,0,0,357,4893,0,2016-06-03T13:58:17.409Z,128,0,0,1400,180,12,670,1,3,0,65522,0,5,0,95,0,0,0,0,351,32813,7200,2016,0,1200,41,770,13832,65516,0,143,10,0,94,0,0,400,1,0,0,1,3600,140,65535,900,0,0,0,0,0,0,0,960,0,0,0,0,50,2839,0,0,100,0,10,12095,0,0,8,0,0,12089,670,152,0,16,0,1464962297,26370,6572,0,668,5,202,0,3,0,0,80,10,1347,960,0,0,3840,20993,0,50,143,143,7200,600,0,0,540,100,0,0,1796,1458,146,300,0,18624,0,1,1,0,65516,0,45568,12292,12288,0,10,502,53,20,122,150,0,1174,0,1,0,65,132
0,19523,18771,21313,67,40,50,1030,14884,0,129,0,0,24605,12288,11,2015,0,0,1400,0,0,0,0,43,434,41,0,0,340,1,670,0,670,237,990,29412,11,670,40,0,32768,0,0,0,1458,0,528,136,0,670,670,0,0,477,0,0,357,4898,0,2016-06-03T13:58:21.808Z,128,0,0,1400,180,12,670,1,3,0,65522,0,5,0,95,0,0,0,0,351,32813,7200,2016,0,1200,41,770,13832,65516,0,143,10,0,94,0,0,400,1,0,0,0,3600,140,0,900,0,0,0,0,0,0,0,960,0,0,0,0,50,2839,0,0,100,0,10,7698,0,0,8,0,0,7690,670,152,0,16,0,1464962301,26370,6572,0,670,5,202,0,3,0,0,80,10,1347,960,0,0,3840,20993,0,50,143,143,7200,600,0,0,540,100,0,0,1796,1458,146,300,0,18624,0,1,1,0,65516,0,45568,12292,12288,0,10,502,53,20,122,150,0,1174,0,1,0,65,132
0,19523,18771,21313,67,40,50,1030,14888,0,128,0,0,24605,20486,11,2015,0,0,1400,0,0,0,0,42,434,42,0,0,340,1,670,0,670,237,990,29412,11,670,40,0,32768,0,0,0,1458,0,528,136,0,668,670,0,0,477,0,0,357,4902,0,2016-06-03T13:58:26.209Z,128,0,0,1400,180,12,670,1,3,0,65522,0,5,0,95,0,0,0,0,351,32813,7200,2016,0,1200,40,770,13832,65516,0,143,10,0,94,0,0,400,1,0,0,0,3600,140,0,900,0,0,0,0,0,0,0,960,0,0,0,0,50,2839,0,0,100,0,10,3300,0,0,8,0,0,3295,670,152,0,16,0,1464962306,26370,6572,0,670,5,202,0,3,0,0,80,10,1347,960,0,0,3840,20993,0,50,143,143,7200,600,0,0,540,100,0,0,1796,1458,146,300,0,18624,0,1,1,0,65516,0,45568,12292,12288,0,10,502,53,20,122,150,0,1174,0,1,0,65,132
0,19523,18771,21313,67,41,50,1030,14893,0,129,0,0,24605,31429,11,2015,0,0,1400,0,0,0,0,39,434,41,0,0,339,1,661,0,670,237,990,29412,11,654,43,0,32768,1,0,0,1458,0,528,136,0,670,661,0,0,477,0,0,101,4907,0,2016-06-03T13:58:30.580Z,128,0,0,1400,180,12,654,1,3,0,65520,0,5,0,95,0,0,0,2,274,32813,7200,2016,0,1200,40,754,13832,65516,0,143,10,0,94,0,0,400,1,0,0,1569,3600,142,65534,900,0,0,0,0,0,0,0,960,0,0,0,0,50,2839,1,0,100,0,10,1,0,0,8,0,0,1,670,152,0,16,0,1464962310,26370,6572,0,670,5,202,0,3,0,2,80,10,1347,960,0,0,3840,20993,0,50,143,143,7200,600,0,2,540,100,0,0,1796,1458,146,300,0,18624,0,1,1,0,65516,0,45568,12292,13312,0,10,502,53,20,124,150,0,1174,0,1,0,65,132
0,19523,18771,21313,67,41,50,1030,14897,0,129,0,0,24605,36864,11,2015,0,0,1400,0,0,0,0,30,434,38,0,0,340,3,588,14,670,237,990,29412,11,654,53,0,32768,1028,0,0,1458,0,528,136,0,580,588,0,0,477,14,0,357,4911,0,2016-06-03T13:58:34.954Z,128,0,0,1400,180,12,582,0,3,0,65522,0,5,0,95,0,0,0,1,324,32813,7200,2016,0,1200,39,682,13832,65516,0,143,10,0,94,0,0,400,1,0,0,584,3600,142,65526,900,0,0,0,0,0,0,0,960,0,0,0,0,50,2839,14,0,100,0,10,1,0,0,8,0,4,1,668,150,0,16,0,1464962314,26370,6572,0,580,5,202,0,3,0,1,80,10,1347,960,0,0,3840,20993,18,50,143,143,7200,600,0,1,580,100,0,0,1796,1458,146,300,0,18624,0,3,1,0,65516,0,45568,12292,13312,16,10,502,53,20,124,150,0,1174,0,1,0,65,132
0,19523,18771,21313,67,41,50,1030,14902,0,129,0,0,24605,5554,11,2015,0,0,1400,0,0,0,0,28,434,38,0,0,340,3,580,15,670,237,990,29412,11,654,54,0,32768,1027,0,0,1458,0,528,136,0,580,580,0,0,477,15,0,357,4915,0,2016-06-03T13:58:39.323Z,128,0,0,1400,180,12,580,0,3,0,65522,0,5,0,95,0,0,0,5,331,32813,7200,2016,0,1200,39,680,13832,65516,0,143,10,0,94,0,0,400,1,0,0,4951,3600,142,65523,900,0,0,0,0,0,0,0,960,0,0,0,0,50,2839,19,0,100,0,10,1,0,0,8,0,4,1,668,152,0,16,0,1464962319,26370,6572,0,580,5,202,0,3,0,5,80,10,1347,960,0,0,3840,20993,19,50,143,143,7200,600,0,5,580,100,0,0,1796,1458,146,300,0,18624,0,3,1,0,65516,0,45568,12292,13312,16,10,502,53,20,126,150,0,1174,0,1,0,65,132
0,19523,18771,21313,67,41,50,1030,14906,0,129,0,0,24605,12288,11,2015,0,0,1400,0,0,0,0,29,434,38,0,0,340,3,581,15,670,237,990,29412,11,654,54,0,32768,1027,0,0,1458,0,528,136,0,580,581,0,0,477,15,0,357,4920,0,2016-06-03T13:58:43.697Z,128,0,0,1400,180,12,580,0,3,0,65522,0,5,0,95,0,0,0,10,331,32813,7200,2016,0,1200,39,682,13832,65516,0,143,10,0,94,0,0,400,1,0,0,9323,3600,142,65524,900,0,0,0,0,0,0,0,960,0,0,0,0,50,2839,19,0,100,0,10,1,0,0,8,0,4,1,668,152,0,16,0,1464962323,26370,6572,0,580,5,202,0,3,0,10,80,10,1347,960,0,0,3840,20993,19,50,143,143,7200,600,0,10,580,100,0,0,1796,1458,146,300,0,18624,0,3,1,0,65516,0,45568,12292,13312,16,10,502,53,20,122,150,0,1174,0,1,0,65,132
0,19523,18771,21313,67,41,50,1030,15106,0,128,0,0,24605,20486,11,2015,0,0,1400,0,0,0,0,29,434,38,0,0,340,3,581,15,670,237,990,29412,11,654,54,0,32768,1027,0,0,1458,0,528,136,0,580,581,0,0,477,15,0,101,4924,0,2016-06-03T13:58:48.091Z,128,0,0,1400,180,12,582,0,3,0,65522,0,5,0,95,0,0,0,14,331,32813,7200,2016,0,1200,39,682,13832,65516,0,143,10,0,94,0,0,400,1,0,0,13714,3600,142,65524,900,0,0,0,0,0,0,0,960,0,0,0,0,50,2839,19,0,100,0,10,1,0,0,8,0,4,1,668,152,0,16,0,1464962328,26370,6572,0,580,5,202,0,3,0,14,80,10,1347,960,0,0,3840,20993,19,50,143,143,7200,600,0,14,580,100,0,0,1796,1458,146,300,0,18624,0,3,1,0,65516,0,45568,12292,13312,16,10,502,53,20,124,150,0,1174,0,1,0,65,132
0,19523,18771,21313,67,41,50,1030,15111,0,129,0,0,24605,31450,11,2015,0,0,1400,0,0,0,0,29,434,37,0,0,341,3,581,15,670,237,990,29412,11,654,54,0,32768,1027,0,0,1458,0,528,136,0,580,581,0,0,477,15,0,357,4928,0,2016-06-03T13:58:52.497Z,128,0,0,1400,180,12,582,0,3,0,65522,0,5,0,95,0,0,0,18,331,32813,7200,2016,0,1200,39,682,13832,65516,0,143,10,0,94,0,0,400,1,0,0,18117,3600,142,65523,900,0,0,0,0,0,0,0,960,0,0,0,0,50,2839,19,0,100,0,10,1,0,0,8,0,4,1,668,152,0,16,0,1464962332,26370,6572,0,580,5,202,0,3,0,18,80,10,1347,960,0,0,3840,20993,19,50,143,143,7200,600,0,18,580,100,0,0,1796,1458,146,300,0,18624,0,3,1,0,65516,0,45568,12292,13312,16,10,502,53,20,128,150,0,1174,0,1,0,65,132
0,19523,18771,21313,67,41,50,1030,15115,0,128,0,0,24605,36864,11,2015,0,0,1400,0,0,0,0,29,434,37,0,0,341,3,580,15,670,237,990,29412,11,654,54,0,32768,1027,0,0,1458,0,528,136,0,580,581,0,0,477,15,0,101,4933,0,2016-06-03T13:58:56.906Z,128,0,0,1400,180,12,580,0,3,0,65522,0,5,0,95,0,0,0,23,331,32813,7200,2016,0,1200,39,680,13832,65516,0,143,10,0,94,0,0,400,1,0,0,22524,3600,142,65524,900,0,0,0,0,0,0,0,960,0,0,0,0,50,2839,19,0,100,0,10,1,0,0,8,0,4,1,668,152,0,16,0,1464962336,26370,6572,0,580,5,202,0,3,0,23,80,10,1347,960,0,0,3840,20993,19,50,143,143,7200,600,0,23,580,100,0,0,1796,1458,146,300,0,18624,0,3,1,0,65516,0,45568,12292,13312,16,10,502,53,20,124,150,0,1174,0,1,0,65,132
0,19523,18771,21313,67,41,50,1030,15120,0,129,0,0,24605,5554,11,2015,0,0,1400,0,0,0,0,29,434,38,0,0,341,3,581,15,670,237,990,29412,11,654,54,0,32768,1027,0,0,1458,0,528,136,0,580,581,0,0,477,15,0,357,4937,0,2016-06-03T13:59:01.308Z,128,0,0,1400,180,12,580,0,3,0,65522,0,5,0,95,0,0,0,27,331,32813,7200,2016,0,1200,39,682,13832,65516,0,143,10,0,94,0,0,400,1,0,0,26924,3600,142,65524,900,0,0,0,0,0,0,0,960,0,0,0,0,50,2839,19,0,100,0,10,1,0,0,8,0,4,1,668,152,0,16,0,1464962341,26370,6572,0,580,5,202,0,3,0,27,80,10,1347,960,0,0,3840,20993,19,50,143,143,7200,600,0,27,580,100,0,0,1796,1458,146,300,0,18624,0,3,1,0,65516,0,45568,12292,13312,16,10,502,53,20,122,150,0,1174,0,1,0,65,132
0,19523,18771,21313,67,41,50,1030,15124,0,129,0,0,24605,12288,11,2015,0,0,1400,0,0,0,0,29,434,37,0,0,342,3,581,15,670,237,990,29412,11,654,54,0,32768,1027,0,0,1458,0,528,136,0,580,581,0,0,477,15,0,357,4942,0,2016-06-03T13:59:05.673Z,128,0,0,1400,180,12,582,0,3,0,65522,0,5,0,95,0,0,0,32,331,32813,7200,2016,0,1200,39,682,13832,65516,0,143,10,0,94,0,0,400,1,0,0,31287,3600,142,65524,900,0,0,0,0,0,0,0,960,0,0,0,0,50,2839,19,0,100,0,10,1,0,0,8,0,4,1,668,152,0,16,0,1464962345,26370,6572,0,580,5,202,0,3,0,32,80,10,1347,960,0,0,3840,20993,19,50,143,143,7200,600,0,32,580,100,0,0,1796,1458,146,300,0,18624,0,3,1,0,65516,0,45568,12292,13312,16,10,502,53,20,124,150,0,1174,0,1,0,65,132
0,19523,18771,21313,67,41,50,1030,15128,0,129,0,0,24605,20486,11,2015,0,0,1400,0,0,0,0,29,434,37,0,0,342,3,581,15,670,237,990,29412,11,654,54,0,32768,1027,0,0,1458,0,528,136,0,580,581,0,0,477,15,0,357,4946,0,2016-06-03T13:59:10.051Z,128,0,0,1400,180,12,580,0,3,0,65522,0,5,0,95,0,0,0,36,331,32813,7200,2016,0,1200,39,682,13832,65516,0,143,10,0,94,0,0,400,1,0,0,35662,3600,142,65523,900,0,0,0,0,0,0,0,960,0,0,0,0,50,2839,19,0,100,0,10,1,0,0,8,0,4,1,668,150,0,16,0,1464962350,26370,6572,0,580,5,202,0,3,0,36,80,10,1347,960,0,0,3840,20993,19,50,143,143,7200,600,0,36,580,100,0,0,1796,1458,146,300,0,18624,0,3,1,0,65516,0,45568,12292,13312,16,10,502,53,20,128,150,0,1174,0,1,0,65,132
0,19523,18771,21313,67,41,50,1030,15133,0,129,0,0,24605,31472,11,2015,0,0,1400,0,0,0,0,28,434,38,0,0,342,19,582,16,670,237,990,29412,11,654,54,0,32768,1027,0,0,1458,0,528,136,0,580,582,0,0,477,16,0,357,4950,0,2016-06-03T13:59:14.437Z,128,0,0,1400,180,12,582,40,3,0,65522,0,5,0,95,0,0,0,3,331,32813,7200,2016,0,1200,39,682,13832,65516,0,143,10,0,94,0,0,400,1,0,0,40046,3600,142,65524,900,0,0,0,0,0,0,0,960,0,0,0,0,50,2839,19,0,100,0,10,1,0,0,8,0,4,1,668,152,0,16,0,1464962354,26370,6572,0,580,5,202,0,3,0,40,80,10,1347,960,0,0,3840,20993,20,50,143,143,7200,600,0,3,580,100,0,0,1796,1458,146,300,0,18624,0,19,1,0,65516,0,45568,12292,13312,16,10,502,53,20,124,150,0,1174,0,1,0,65,132
0,19523,18771,21313,67,41,50,1030,15137,0,129,0,0,24605,36864,11,2015,0,0,1400,0,0,0,0,29,434,38,0,0,342,19,582,16,670,237,990,29412,11,654,54,0,32768,1027,0,0,1458,0,528,136,0,580,582,0,0,477,16,0,101,4955,0,2016-06-03T13:59:18.806Z,128,0,0,1400,180,12,582,40,3,0,65522,0,5,0,95,0,0,0,8,331,32813,7200,2016,0,1200,39,682,13832,65516,0,143,10,0,94,0,0,400,1,0,0,44412,3600,142,65524,900,0,0,0,0,0,0,0,960,0,0,0,0,50,2839,20,0,100,0,10,1,0,0,8,0,4,1,668,152,0,16,0,1464962358,26370,6572,0,580,5,202,0,3,0,45,80,10,1347,960,0,0,3840,20993,20,50,143,143,7200,600,0,8,580,100,0,0,1796,1458,146,300,0,18624,0,19,1,0,65516,0,45568,12292,13312,16,10,502,53,20,124,150,0,1174,0,1,0,65,132
0,19523,18771,21313,67,41,50,1030,15141,0,129,0,0,24605,5554,11,2015,0,0,1400,0,0,0,0,29,434,38,0,0,342,19,582,16,670,236,990,29412,11,654,54,0,32768,1027,0,0,1458,0,528,136,0,580,582,0,0,477,16,0,357,4959,0,2016-06-03T13:59:23.170Z,128,0,0,1400,180,12,582,40,3,0,65522,0,5,0,95,0,0,0,12,331,32813,7200,2016,0,1200,39,682,13832,65516,0,143,10,0,94,0,0,400,1,0,0,48774,3600,142,65523,900,0,0,0,0,0,0,0,960,0,0,0,0,50,2839,20,0,100,0,10,1,0,0,8,0,4,1,668,152,0,16,0,1464962363,26370,6572,0,580,5,202,0,3,0,49,80,10,1347,960,0,0,3840,20993,20,50,143,143,7200,600,0,12,580,100,0,0,1796,1458,146,300,0,18624,0,19,1,0,65516,0,45568,12292,13312,16,10,502,53,20,124,150,0,1174,0,1,0,65,132
0,19523,18771,21313,67,41,50,1030,15146,0,128,0,0,24605,12288,11,2015,0,0,1400,0,0,0,0,30,434,37,0,0,342,19,583,16,670,237,990,29412,11,654,55,0,32768,1027,0,0,1458,0,528,136,0,580,583,0,0,477,16,0,357,4964,0,2016-06-03T13:59:27.579Z,128,0,0,1400,180,12,582,40,3,0,65522,0,5,0,95,0,0,0,17,331,32813,7200,2016,0,1200,39,684,13832,65516,0,143,10,0,94,0,0,400,1,0,0,53180,3600,142,65523,900,0,0,0,0,0,0,0,960,0,0,0,0,50,2839,20,0,100,0,10,1,0,0,8,0,4,1,668,152,0,16,0,1464962367,26370,6572,0,580,5,202,0,3,0,54,80,10,1347,960,0,0,3840,20993,20,50,143,143,7200,600,0,17,580,100,0,0,1796,1458,146,300,0,18624,0,19,1,0,65516,0,45568,12292,13312,16,10,502,53,20,124,150,0,1174,0,1,0,65,132
0,19523,18771,21313,67,41,50,1030,15150,0,128,0,0,24605,20486,11,2015,0,0,1400,0,0,0,0,28,434,39,0,0,343,19,583,16,670,237,990,29412,11,654,55,0,32768,1027,0,0,1458,0,528,136,0,580,583,0,0,477,16,0,357,4968,0,2016-06-03T13:59:31.981Z,128,0,0,1400,180,12,584,40,3,0,65522,0,5,0,95,0,0,0,21,331,32813,7200,2016,0,1200,39,684,13832,65516,0,143,10,0,94,0,0,400,1,0,0,57579,3600,142,65523,900,0,0,0,0,0,0,0,960,0,0,0,0,50,2839,20,0,100,0,10,1,0,0,8,0,4,1,668,152,0,16,0,1464962371,26370,6572,0,580,5,202,0,3,0,58,80,10,1347,960,0,0,3840,20993,20,50,143,143,7200,600,0,21,580,100,0,0,1796,1458,146,300,0,18624,0,19,1,0,65516,0,45568,12292,13312,16,10,502,53,20,126,150,0,1174,0,1,0,65,132
0,19523,18771,21313,67,41,50,1030,15155,0,129,0,0,24605,31494,11,2015,0,0,1400,0,0,0,0,28,434,37,0,0,343,19,584,16,670,237,990,29412,11,654,55,0,32768,1027,0,0,1458,0,528,136,0,580,584,0,0,477,16,0,357,4972,0,2016-06-03T13:59:36.394Z,128,0,0,1400,180,12,584,40,3,0,65522,0,5,0,95,0,0,0,25,331,32813,7200,2016,0,1200,39,684,13832,65516,0,143,10,0,94,0,0,400,1,0,0,61991,3600,142,65522,900,0,0,0,0,0,0,0,960,0,0,0,0,50,2839,20,0,100,0,10,1,0,0,8,0,4,1,668,152,0,16,0,1464962376,26370,6572,0,580,5,202,0,3,0,62,80,10,1347,960,0,0,3840,20993,20,50,143,143,7200,600,0,25,580,100,0,0,1796,1458,146,300,0,18624,0,19,1,0,65516,0,45568,12292,13312,16,10,502,53,20,126,150,0,1174,0,1,0,65,132
0,19523,18771,21313,67,41,50,1030,15159,0,129,0,0,24605,40960,11,2015,0,0,1400,0,0,0,1,28,434,38,0,0,343,20,584,16,670,237,990,29412,11,654,54,0,32768,1027,0,0,1458,0,528,136,0,580,584,0,0,477,16,0,357,4977,0,2016-06-03T13:59:41.173Z,128,0,0,1400,180,12,584,40,3,0,65522,0,5,0,95,0,0,0,0,331,32813,7200,2016,0,1200,39,684,13832,65516,0,143,10,0,94,0,0,400,1,0,0,1231,3600,142,65524,900,0,0,0,0,0,0,0,960,0,0,0,0,50,2839,20,0,100,0,10,1,0,0,8,0,4,1,668,152,0,16,0,1464962381,26370,6572,0,580,5,202,0,3,0,67,80,10,1347,960,0,0,3840,20993,20,50,143,143,7200,600,0,0,580,100,0,0,1796,1458,146,300,0,18624,0,20,1,0,65516,0,45568,12292,13312,16,10,502,53,20,124,150,0,1174,0,1,0,65,132
0,19523,18771,21313,67,41,50,1031,0,0,129,0,0,24605,5554,11,2015,0,0,1400,0,0,0,1,27,434,38,0,0,343,20,585,15,670,237,990,29412,11,654,61,0,32768,1028,0,0,1458,0,528,136,0,580,585,0,0,477,15,0,357,4982,0,2016-06-03T13:59:45.825Z,128,0,0,1400,180,12,600,40,3,0,65522,0,5,0,95,0,0,0,5,324,32813,7200,2016,0,1200,39,698,13832,65516,0,143,10,0,94,0,0,400,1,0,0,5880,3600,142,65524,900,0,0,0,0,0,0,0,960,0,0,0,0,50,2839,20,0,100,0,10,1,0,0,8,0,4,1,668,152,0,16,0,1464962385,26370,6572,0,580,5,202,0,3,0,72,80,10,1347,960,0,0,3840,20993,19,50,143,143,7200,600,0,5,580,100,0,0,1796,1458,146,300,0,18624,0,20,1,0,65516,0,45568,12292,13312,144,10,502,53,20,126,150,0,1174,0,1,0,65,132
0,19523,18771,21313,67,41,50,1031,4,0,129,0,0,24605,12288,11,2015,0,0,1400,0,0,0,1,27,434,37,0,0,343,20,582,16,670,237,990,29412,11,654,55,0,32768,1027,0,0,1458,0,528,136,0,580,581,0,0,477,16,0,357,4986,0,2016-06-03T13:59:50.191Z,128,0,0,1400,180,12,582,40,3,0,65522,0,5,0,95,0,0,0,9,333,32813,7200,2016,0,1200,39,682,13832,65516,0,143,10,0,94,0,0,400,1,0,0,10243,3600,142,65523,900,0,0,0,0,0,0,0,960,0,0,0,0,50,2839,20,0,100,0,10,1,0,0,8,0,4,1,668,152,0,16,0,1464962390,26370,6572,0,580,5,202,0,3,0,76,80,10,1347,960,0,0,3840,20993,20,50,143,143,7200,600,0,9,580,100,0,0,1796,1458,146,300,0,18624,0,20,1,0,65516,0,45568,12292,13312,16,10,502,53,20,126,150,0,1174,0,1,0,65,132
0,19523,18771,21313,67,41,50,1031,9,0,129,0,0,24605,20487,11,2015,0,0,1400,0,0,0,1,27,434,37,0,0,343,20,582,17,670,237,990,29412,11,654,55,0,32768,1027,0,0,1458,0,528,136,0,580,582,0,0,477,17,0,101,4991,0,2016-06-03T13:59:54.563Z,128,0,0,1400,180,12,582,40,3,0,65522,0,5,0,95,0,0,0,14,333,32813,7200,2016,0,1200,39,682,13832,65516,0,143,10,0,94,0,0,400,1,0,0,14613,3600,142,65521,900,0,0,0,0,0,0,0,960,0,0,0,0,50,2839,21,0,100,0,10,1,0,0,8,0,4,1,668,152,0,16,0,1464962394,26370,6572,0,580,5,202,0,3,0,81,80,10,1347,960,0,0,3840,20993,21,50,143,143,7200,600,0,14,580,100,0,0,1796,1458,146,300,0,18624,0,20,1,0,65516,0,45568,12292,13312,16,10,502,53,20,126,150,0,1174,0,1,0,65,132
0,19523,18771,21313,67,41,50,1031,13,0,129,0,0,24605,31517,11,2015,0,0,1400,0,0,0,1,27,434,38,0,0,343,20,583,17,670,237,990,29412,11,654,56,0,32768,1027,0,0,1458,0,528,136,0,580,583,0,0,477,17,0,357,4995,0,2016-06-03T13:59:58.977Z,128,0,0,1400,180,12,584,40,3,0,65522,0,5,0,95,0,0,0,18,333,32813,7200,2016,0,1200,39,682,13832,65516,0,143,10,0,94,0,0,400,1,0,0,19025,3600,142,65522,900,0,0,0,0,0,0,0,960,0,0,0,0,50,2839,21,0,100,0,10,1,0,0,8,0,5,1,668,152,0,16,0,1464962398,26370,6572,0,580,5,202,0,3,0,85,80,10,1347,960,0,0,3840,20993,21,50,143,143,7200,600,0,18,580,100,0,0,1796,1458,146,300,0,18624,0,20,1,0,65516,0,45568,12292,13312,16,10,502,53,20,124,150,0,1174,0,1,0,65,132
